File Name,Title,Description,Source,Intended Use,Limitations,Additional Notes
input_for_feature_selection.csv,Synthetic Classification Dataset,"This dataset is synthetically generated for the purpose of feature selection and classification tasks. It contains 100 samples with 20 features, out of which 10 are informative and 5 are redundant.",Generated using sklearn.datasets.make_classification,"The dataset is intended for use in machine learning experiments, particularly for feature selection, classification model training, and evaluation.","Being a synthetic dataset, it may not capture the complexity and noise present in real-world data. Additionally, it lacks domain-specific context and features that might be present in real datasets.",The dataset was generated with a fixed random state to ensure reproducibility. The target variable indicates the class label for each sample.
input_for_tabular_data_augmentation.csv,Sample Tabular Dataset for Data Augmentation,This dataset is a synthetic tabular dataset generated for the purpose of demonstrating data augmentation techniques. It includes numerical and categorical features with a label for classification.,Synthetic Data Generation using numpy and pandas,"The dataset is intended for testing and demonstrating data augmentation techniques, including transformations and synthetic data generation methods.","As this is a synthetic dataset, it may not fully capture the complexity and nuances of real-world data. It is meant for educational and testing purposes only.","The dataset consists of 1000 samples with three features and one label column. The features include both continuous and discrete values, while the label is categorical with three possible values ('A', 'B', 'C')."
input_for_time_series_data_augmentation.csv,Hourly Time Series Data for 2022,This dataset contains hourly time series data for the year 2022. It includes a timestamp column and a corresponding value column with randomly generated data.,Generated using pandas and numpy libraries,"This dataset is intended for use in time series data augmentation tasks, such as testing and developing time series models and algorithms.","The data values are randomly generated and do not represent any real-world phenomena. Therefore, the dataset is not suitable for analysis of real-world events or trends.","The dataset spans from January 1, 2022, to December 31, 2022, with hourly frequency. Each entry includes a date-time stamp and a randomly generated value."
input_generic_numerical.csv,Generic Numerical Dataset,"This dataset consists of randomly generated numerical values. Each value is a floating-point number between 0 and 1, generated using a uniform distribution.",The dataset was generated programmatically using numpy's random number generation functions.,"This dataset can be used for testing data transformation algorithms, machine learning models, or data processing pipelines. It serves as a generic example to validate the functionality of data manipulation scripts.",The dataset contains random values without any inherent meaning or structure. It may not be suitable for applications requiring real-world data with specific patterns or distributions.,"The dataset has 10 rows and 10 columns, and the values are randomly generated every time the script is run."
input_generic_numerial_with_missing_values.csv,Generic Numerical Dataset with missing values,This dataset contains randomly generated numerical values between 0 and 1.,Generated using numpy's random function.,To demonstrate basic data transformations on numerical datasets.,The data is randomly generated and may not represent any real-world scenario.,Values between 0.5 and 0.6 have been replaced with None to simulate missing data.
input_signal_transforms.csv,Hourly Random Signal Data,This dataset contains random signal data generated for each hour of the year 2022.,Generated using numpy and pandas in Python.,This dataset is intended for testing data transformation scripts and time-series analysis techniques.,The data is synthetic and does not represent any real-world phenomenon.,The dataset was generated with a fixed random seed for reproducibility.
input_tabular.csv,Randomly Generated Tabular Data,"This dataset contains randomly generated numerical, categorical, date, and textual data. The numerical data consists of 15 columns of random numbers drawn from a normal distribution. The categorical data includes 2 columns with categories 'A', 'B', and 'C'. The date data includes a single column of random dates within the year 2020. The textual data consists of a single column with randomly chosen phrases from a predefined list.",The dataset is synthetically generated using NumPy and Python's random functions.,"This dataset is intended for testing data processing, transformation algorithms, and machine learning models. It is useful for benchmarking and educational purposes.","As the dataset is synthetically generated, it does not represent any real-world phenomena. It is not suitable for applications that require genuine data insights or patterns.","The dataset is designed to be versatile for various testing scenarios. The random seed is set for reproducibility, ensuring that the data remains consistent across different runs."
input_time_series.csv,Synthetic Time Series Data,This dataset contains synthetic time series data generated using a combination of sine waves and random noise.,Generated programmatically using Python.,The dataset is intended for testing data transformation and analysis techniques.,The data is synthetic and may not represent real-world scenarios accurately.,The values are generated using a sine function with added Gaussian noise.
